time_period,cat_id,pe_id,load
0,0,0,4.988517476332181
0,0,1,8.906341662250211
0,0,2,24.82433094164712
0,0,3,0.9909915577204108
0,0,4,4.992676083001726
1,0,0,4.97100477205331
1,0,1,8.825346599548356
1,0,2,24.659569084749172
1,0,3,0.9853417845373551
1,0,4,4.973063463064953
2,0,0,4.957146868336209
2,0,1,8.531455932810225
2,0,2,24.40475541593648
2,0,3,0.9821847489596532
2,0,4,4.9571077523820835
3,0,0,4.952340388609109
3,0,1,8.29938773756145
3,0,2,24.297391772803397
3,0,3,0.9768419079387679
3,0,4,4.943659298659041
4,0,0,4.940038003563331
4,0,1,8.157850100129515
4,0,2,24.1418687263129
4,0,3,0.9732254642266603
4,0,4,4.934160857248351
5,0,0,4.931763881584571
5,0,1,8.178052504416144
5,0,2,23.936803711101867
5,0,3,0.967335857924651
5,0,4,4.921108246609966
6,0,0,4.9186509729809735
6,0,1,7.97226928025556
6,0,2,23.684440679086954
6,0,3,0.9596813116650021
6,0,4,4.908886627101567
7,0,0,4.912347927237056
7,0,1,7.851324487161436
7,0,2,23.511979228358182
7,0,3,0.951339010013392
7,0,4,4.904384768963104
8,0,0,4.897686588141551
8,0,1,7.706295490806448
8,0,2,23.426112329442642
8,0,3,0.9433478331575387
8,0,4,4.88783662618667
9,0,0,4.880520120339525
9,0,1,7.687809862700907
9,0,2,23.238595696200832
9,0,3,0.9388451338112944
9,0,4,4.878645981634513
10,0,0,4.871380319786965
10,0,1,7.634030239445947
10,0,2,23.110050222518076
10,0,3,0.9358051193579592
10,0,4,4.857684255157623
11,0,0,4.855318973988742
11,0,1,7.727254303247876
11,0,2,23.05796284701822
11,0,3,0.9316321835104948
11,0,4,4.839499484661718
12,0,0,4.8498298064274605
12,0,1,7.575584941046693
12,0,2,22.881390569799535
12,0,3,0.9250575760541744
12,0,4,4.830652854956023
13,0,0,4.846183528885973
13,0,1,7.464082818831103
13,0,2,22.768059299697782
13,0,3,0.9180633747166718
13,0,4,4.8195104694710205
14,0,0,4.832422786440211
14,0,1,7.355464632821106
14,0,2,22.730193290998095
14,0,3,0.9145256275425695
14,0,4,4.802831305814356
15,0,0,4.814486866763233
15,0,1,7.187251415384589
15,0,2,22.621113323517367
15,0,3,0.9063966838884249
15,0,4,4.794116934119555
16,0,0,4.816403432756147
16,0,1,7.1658434854119255
16,0,2,22.47673461749867
16,0,3,0.9004852858271309
16,0,4,4.778836606168124
17,0,0,4.80853786492465
17,0,1,6.9878459412009475
17,0,2,22.322871618390092
17,0,3,0.8955969534266468
17,0,4,4.771860422666717
18,0,0,4.801564046435905
18,0,1,6.871527860613154
18,0,2,22.13394357559863
18,0,3,0.8882790212660119
18,0,4,4.7615791679682955
19,0,0,4.786580922179756
19,0,1,6.782255628854778
19,0,2,22.07703296557244
19,0,3,0.8815756618552448
19,0,4,4.750181620118549
20,0,0,4.772704792383638
20,0,1,6.65215239241807
20,0,2,21.963632137351656
20,0,3,0.8787250418321818
20,0,4,4.732602548891515
21,0,0,4.772863126291932
21,0,1,6.573916554303255
21,0,2,21.975568749723106
21,0,3,0.8741791833306677
21,0,4,4.72370899843758
22,0,0,4.760483995674477
22,0,1,6.520807271793102
22,0,2,21.812138235929762
22,0,3,0.8702245480811839
22,0,4,4.714763379326142
23,0,0,4.750269532759048
23,0,1,6.542783452888077
23,0,2,21.698250886042032
23,0,3,0.8658007694347342
23,0,4,4.70561998564423
24,0,0,4.737238662589773
24,0,1,6.422929307638111
24,0,2,21.54203913684797
24,0,3,0.8555287491038153
24,0,4,4.687177220627482
25,0,0,4.732601186494298
25,0,1,6.525674943595764
25,0,2,21.386601812523818
25,0,3,0.8425806692470386
25,0,4,4.66102036808773
26,0,0,4.714493045446383
26,0,1,6.432660855048916
26,0,2,21.173755641842853
26,0,3,0.8367605217229453
26,0,4,4.637439498849529
27,0,0,4.706976277736468
27,0,1,6.476372137586056
27,0,2,20.91301074650135
27,0,3,0.837648174214885
27,0,4,4.633038925233962
28,0,0,4.702361576083816
28,0,1,6.465620995819205
28,0,2,20.709151566579752
28,0,3,0.834907655389207
28,0,4,4.623741944666329
29,0,0,4.699233400050711
29,0,1,6.524462985461664
29,0,2,20.598097131524923
29,0,3,0.8279200961225254
29,0,4,4.623844926284485
30,0,0,4.69945653662527
30,0,1,6.490578464439905
30,0,2,20.58671608584519
30,0,3,0.8228074774839667
30,0,4,4.615482461421233
31,0,0,4.691779583691721
31,0,1,6.4124836287161004
31,0,2,20.412728091289726
31,0,3,0.8193866971755691
31,0,4,4.603333754756778
32,0,0,4.676416384663411
32,0,1,6.365833790717648
32,0,2,20.179394959670553
32,0,3,0.8166351080410201
32,0,4,4.590008789379708
33,0,0,4.673385912477698
33,0,1,6.3564896453638715
33,0,2,20.12720791099076
33,0,3,0.8163953413642767
33,0,4,4.576188912879684
34,0,0,4.664218201519176
34,0,1,6.566620056346703
34,0,2,20.03306429066568
34,0,3,0.8148142654601309
34,0,4,4.567074791834321
35,0,0,4.6564826777959
35,0,1,6.401446549626096
35,0,2,19.844510505537812
35,0,3,0.8098179066339216
35,0,4,4.558096273138275
36,0,0,4.644049140505558
36,0,1,6.47101962173436
36,0,2,19.842765027736384
36,0,3,0.8064973962096349
36,0,4,4.549749428433438
37,0,0,4.643365684887722
37,0,1,6.374516497638906
37,0,2,19.93722949176597
37,0,3,0.8039104136558146
37,0,4,4.541303061027588
38,0,0,4.644017498778654
38,0,1,6.4516576414109625
38,0,2,19.87906930338235
38,0,3,0.7993767216404375
38,0,4,4.53380449142402
39,0,0,4.629527499988482
39,0,1,6.48694256955399
39,0,2,19.893095688123783
39,0,3,0.7921653892586544
39,0,4,4.524088960049915
40,0,0,4.623630709714392
40,0,1,6.503893340976444
40,0,2,19.83665681710136
40,0,3,0.7884652017249193
40,0,4,4.520910483915191
41,0,0,4.611532808470703
41,0,1,6.50414787146834
41,0,2,19.906399815753257
41,0,3,0.7807461386090397
41,0,4,4.500139512290244
42,0,0,4.599340634078987
42,0,1,6.361678762651603
42,0,2,19.866562962584815
42,0,3,0.7816073155988282
42,0,4,4.487551274116381
43,0,0,4.584422011548845
43,0,1,6.324625930620907
43,0,2,19.75470850621507
43,0,3,0.7806735090256409
43,0,4,4.477920687102037
44,0,0,4.577056069666099
44,0,1,6.378188210762642
44,0,2,19.58151474966221
44,0,3,0.7795018677974995
44,0,4,4.467399620935394
45,0,0,4.5625888113346065
45,0,1,6.224209479269735
45,0,2,19.50425614650187
45,0,3,0.7793732936494828
45,0,4,4.457026937952547
46,0,0,4.5556434129873855
46,0,1,6.312360300313832
46,0,2,19.275306885264868
46,0,3,0.7733673277719018
46,0,4,4.44749385425872
47,0,0,4.545897128455878
47,0,1,6.230251886125868
47,0,2,19.288351410620898
47,0,3,0.7673207806142046
47,0,4,4.439475468279351
48,0,0,4.531090361073183
48,0,1,6.408156807095592
48,0,2,19.2364243983774
48,0,3,0.7663447077039482
48,0,4,4.4291946699968285
49,0,0,4.526540668772769
49,0,1,6.428205619542201
49,0,2,19.234840994550098
49,0,3,0.7648715877726481
49,0,4,4.420192138774391
50,0,0,4.516574234043407
50,0,1,6.319067145494119
50,0,2,19.18905825354233
50,0,3,0.7654553025205705
50,0,4,4.409352154578535
51,0,0,4.511200009780721
51,0,1,6.254352681388408
51,0,2,19.23185052022295
51,0,3,0.7649513273794648
51,0,4,4.3960132358993915
52,0,0,4.49742356225396
52,0,1,6.23781636272877
52,0,2,19.285047251104608
52,0,3,0.7660870571610776
52,0,4,4.383421236179164
53,0,0,4.487574376710946
53,0,1,6.313486945491159
53,0,2,19.200470711649775
53,0,3,0.7696121134288484
53,0,4,4.371502774542144
54,0,0,4.482582810395011
54,0,1,6.443017981262458
54,0,2,19.18887378671814
54,0,3,0.7675058981824919
54,0,4,4.365287409676928
55,0,0,4.471902761212187
55,0,1,6.425169389805805
55,0,2,19.222370523094284
55,0,3,0.7626285732101237
55,0,4,4.354261531812275
56,0,0,4.4686941715633655
56,0,1,6.48996422960754
56,0,2,19.169530957224882
56,0,3,0.7589313193850169
56,0,4,4.349077754962041
57,0,0,4.461992323767115
57,0,1,6.440494198407895
57,0,2,19.142680077800694
57,0,3,0.7577217427317816
57,0,4,4.330148686448388
58,0,0,4.451739397778421
58,0,1,6.4492143098654875
58,0,2,19.191084967726876
58,0,3,0.7548310811004217
58,0,4,4.323370696843587
59,0,0,4.443674254770515
59,0,1,6.373657946739141
59,0,2,19.17027600402774
59,0,3,0.7532935605310288
59,0,4,4.303426821381358
60,0,0,4.43794408337134
60,0,1,6.34024155972284
60,0,2,19.245894620886606
60,0,3,0.7494428251111531
60,0,4,4.293722030646206
61,0,0,4.42601477422281
61,0,1,6.273131003501916
61,0,2,19.184253653960763
61,0,3,0.7499546640886644
61,0,4,4.283539348030882
62,0,0,4.418170148058183
62,0,1,6.253287381994559
62,0,2,19.077434588234656
62,0,3,0.7484087081340584
62,0,4,4.280588366871981
63,0,0,4.4111527941113495
63,0,1,6.340114316722391
63,0,2,19.054531433629833
63,0,3,0.7478463173469195
63,0,4,4.268344399894106
64,0,0,4.4038625151742385
64,0,1,6.28830508663484
64,0,2,18.919236373949754
64,0,3,0.750572189835656
64,0,4,4.261035271961685
65,0,0,4.3910196151986325
65,0,1,6.188701561987304
65,0,2,18.94425526149145
65,0,3,0.745487490091548
65,0,4,4.254815693839663
66,0,0,4.388279639930602
66,0,1,6.1587266471789635
66,0,2,18.896130300557054
66,0,3,0.74388939261022
66,0,4,4.25420954731675
67,0,0,4.376386701497052
67,0,1,6.196084511326222
67,0,2,18.805794879771977
67,0,3,0.7437338105412974
67,0,4,4.246364610049875
68,0,0,4.37301577829059
68,0,1,6.159536247262474
68,0,2,18.774792497719694
68,0,3,0.7394915255541571
68,0,4,4.240747013857571
69,0,0,4.363803340191212
69,0,1,6.16022949037389
69,0,2,18.67532352726002
69,0,3,0.7370579920919174
69,0,4,4.233285253991143
70,0,0,4.366815015003625
70,0,1,6.12110838261682
70,0,2,18.587169847504942
70,0,3,0.7348863109063002
70,0,4,4.22873699634579
71,0,0,4.364120469109094
71,0,1,6.176854015991727
71,0,2,18.546178417279645
71,0,3,0.736568053381059
71,0,4,4.228882060160499
72,0,0,4.361714112546119
72,0,1,6.211693006827209
72,0,2,18.490371513094384
72,0,3,0.7378440006947465
72,0,4,4.226045511825371
73,0,0,4.357285521311901
73,0,1,6.293303786939762
73,0,2,18.441171787071884
73,0,3,0.7363759906243879
73,0,4,4.215017343066067
74,0,0,4.351825890539701
74,0,1,6.209600163515262
74,0,2,18.39050388817573
74,0,3,0.7341548095997322
74,0,4,4.210160699662432
75,0,0,4.347254941516637
75,0,1,6.28928983421523
75,0,2,18.309336385061513
75,0,3,0.733010601279944
75,0,4,4.208697722888549
76,0,0,4.34540656995472
76,0,1,6.247246913953763
76,0,2,18.262360828776288
76,0,3,0.730245844800681
76,0,4,4.204809184315683
77,0,0,4.3375006907639175
77,0,1,6.310847427227824
77,0,2,18.21051322634076
77,0,3,0.7253698340151602
77,0,4,4.191754283864691
78,0,0,4.327627755018576
78,0,1,6.276742735020424
78,0,2,18.21269435928613
78,0,3,0.7256130782153867
78,0,4,4.186402422423081
79,0,0,4.318500154491106
79,0,1,6.175465914207135
79,0,2,18.30672288023482
79,0,3,0.7238392394294845
79,0,4,4.183575097123611
80,0,0,4.309125256708632
80,0,1,6.229442037426512
80,0,2,18.22765326040111
80,0,3,0.7175255724260418
80,0,4,4.179642890759409
81,0,0,4.304817510175377
81,0,1,6.337806191123176
81,0,2,18.162983566246822
81,0,3,0.7160393699576146
81,0,4,4.168535602121835
82,0,0,4.291602958890914
82,0,1,6.349350937265094
82,0,2,18.197256553641633
82,0,3,0.7174003708817367
82,0,4,4.163522211420088
83,0,0,4.287300102528372
83,0,1,6.465803788010058
83,0,2,18.255108729132452
83,0,3,0.717347483978901
83,0,4,4.156790806079373
84,0,0,4.282472377112262
84,0,1,6.494991795106779
84,0,2,18.256101120334552
84,0,3,0.7183988162380124
84,0,4,4.157700537649195
85,0,0,4.266204740115858
85,0,1,6.38473655315432
85,0,2,18.35686044783517
85,0,3,0.720146951695095
85,0,4,4.150905973832775
86,0,0,4.263411759630279
86,0,1,6.474609300442478
86,0,2,18.38556030505088
86,0,3,0.7186531391343774
86,0,4,4.134193200075947
87,0,0,4.256641045748996
87,0,1,6.5785922905020735
87,0,2,18.31166084959855
87,0,3,0.7221998605865612
87,0,4,4.131467934960594
88,0,0,4.251525315330547
88,0,1,6.618031714060468
88,0,2,18.295984604531963
88,0,3,0.7177206109991915
88,0,4,4.123880276915171
89,0,0,4.2469797955459
89,0,1,6.57501651898857
89,0,2,18.30160387866401
89,0,3,0.7206408872958414
89,0,4,4.115936580254531
90,0,0,4.2376407439496315
90,0,1,6.577646829448588
90,0,2,18.32846643935985
90,0,3,0.720773445359463
90,0,4,4.108163405636652
91,0,0,4.232565442949882
91,0,1,6.558712582630668
91,0,2,18.37477826852201
91,0,3,0.7190282683812069
91,0,4,4.109120575710977
92,0,0,4.228355531471715
92,0,1,6.418476089208111
92,0,2,18.327561009244267
92,0,3,0.717061728357578
92,0,4,4.0994491550629935
93,0,0,4.222468162818346
93,0,1,6.360470023897189
93,0,2,18.256094467384766
93,0,3,0.7131467781752961
93,0,4,4.099717320897494
94,0,0,4.218836284473934
94,0,1,6.426797071779869
94,0,2,18.24258292840046
94,0,3,0.7142979793120803
94,0,4,4.0975033987453555
95,0,0,4.21653764780584
95,0,1,6.343421939918594
95,0,2,18.24087241111485
95,0,3,0.716655334742
95,0,4,4.1010303833612936
96,0,0,4.2134594382300286
96,0,1,6.195659140150026
96,0,2,18.28077415284628
96,0,3,0.7172472091173725
96,0,4,4.0935762361654815
97,0,0,4.208143053478492
97,0,1,6.279571815368929
97,0,2,18.27499279553604
97,0,3,0.7200133372419859
97,0,4,4.085891728693249
98,0,0,4.203060584752653
98,0,1,6.249441721301921
98,0,2,18.256002617482626
98,0,3,0.7192538143782579
98,0,4,4.0785056823030255
99,0,0,4.2045704585254375
99,0,1,6.255001569587123
99,0,2,18.255681490470234
99,0,3,0.7164361945903025
99,0,4,4.070874791173668
100,0,0,4.203400486056522
100,0,1,6.226649120862427
100,0,2,18.26979622428056
100,0,3,0.7183385740794442
100,0,4,4.059041025203932
101,0,0,4.2000159982986265
101,0,1,6.254973983258046
101,0,2,18.206302750671835
101,0,3,0.7164195721189393
101,0,4,4.060573556611561
102,0,0,4.1938706681383735
102,0,1,6.315304169418383
102,0,2,18.20924517568052
102,0,3,0.718713180417771
102,0,4,4.055048488986897
103,0,0,4.187251410937151
103,0,1,6.293666582330991
103,0,2,18.157210064281717
103,0,3,0.718704400757614
103,0,4,4.054094045783023
104,0,0,4.181979677676706
104,0,1,6.3107304567135625
104,0,2,18.151048060887913
104,0,3,0.720833652950129
104,0,4,4.048325689042231
105,0,0,4.177594611399747
105,0,1,6.359336170325444
105,0,2,18.187530119482933
105,0,3,0.721433535467602
105,0,4,4.046766368111641
106,0,0,4.166989860589328
106,0,1,6.42154949861218
106,0,2,18.155973702752064
106,0,3,0.7214229972415236
106,0,4,4.044644072281998
107,0,0,4.165773022555317
107,0,1,6.359123826054871
107,0,2,18.071986169107298
107,0,3,0.7225994108499622
107,0,4,4.03527426308648
108,0,0,4.157976323655899
108,0,1,6.306755979822553
108,0,2,18.098501358967347
108,0,3,0.7232339397352969
108,0,4,4.026253321317596
109,0,0,4.152767203857144
109,0,1,6.393354524431584
109,0,2,18.05187798092515
109,0,3,0.722255381649551
109,0,4,4.022704754711945
110,0,0,4.1432084174491965
110,0,1,6.314210264229729
110,0,2,17.959378001912665
110,0,3,0.7240306635329888
110,0,4,4.0181074536612105
111,0,0,4.1408086383779334
111,0,1,6.287886913782916
111,0,2,17.99793997208741
111,0,3,0.7192827592363289
111,0,4,4.008408097897776
112,0,0,4.133949429529285
112,0,1,6.1606286088175555
112,0,2,17.99609043294438
112,0,3,0.7204183784651021
112,0,4,3.999960192062933
113,0,0,4.123092910740965
113,0,1,6.197329149963208
113,0,2,17.93123307520982
113,0,3,0.7202051848522748
113,0,4,3.9976363824925474
114,0,0,4.117196951964194
114,0,1,6.253362791689788
114,0,2,17.974200001629676
114,0,3,0.7189189800782303
114,0,4,4.001448801447923
115,0,0,4.108048773636192
115,0,1,6.280173634824868
115,0,2,17.942483376389532
115,0,3,0.7176669790316649
115,0,4,3.998867301715855
116,0,0,4.101543692544994
116,0,1,6.244473450587449
116,0,2,17.95405605395199
116,0,3,0.7183274085529878
116,0,4,3.995123038532018
117,0,0,4.091941455752701
117,0,1,6.239582413226745
117,0,2,18.032209946589003
117,0,3,0.718501620120005
117,0,4,3.987814569610529
118,0,0,4.09334897078939
118,0,1,6.178763352148942
118,0,2,17.999282710953143
118,0,3,0.7158087303952357
118,0,4,3.987971046233036
119,0,0,4.088548520857395
119,0,1,6.182058270343372
119,0,2,17.993512358540798
119,0,3,0.7162587071882713
119,0,4,3.9809870707331654
120,0,0,4.084335225677065
120,0,1,6.069018226868704
120,0,2,18.036597393187616
120,0,3,0.7171553068761612
120,0,4,3.981234667358382
121,0,0,4.082081875866963
121,0,1,5.906251489289577
121,0,2,17.998546496772626
121,0,3,0.7137474522694941
121,0,4,3.9644139321683514
122,0,0,4.068885386731052
122,0,1,6.075714790031369
122,0,2,17.992208667876135
122,0,3,0.713127639166997
122,0,4,3.9545734523538907
123,0,0,4.065679089433048
123,0,1,6.077142781975078
123,0,2,17.892622076646195
123,0,3,0.7158290766322832
123,0,4,3.9468314197094934
124,0,0,4.055319616780118
124,0,1,5.907327737737658
124,0,2,17.996245733991046
124,0,3,0.7155898597351542
124,0,4,3.9441006510506673
125,0,0,4.050714673781614
125,0,1,5.9083292594922625
125,0,2,17.95581184117237
125,0,3,0.716076871500928
125,0,4,3.936201755337988
126,0,0,4.043659014653825
126,0,1,5.920894515671073
126,0,2,17.892937880779044
126,0,3,0.7185716579955945
126,0,4,3.934480419824275
127,0,0,4.034674259952249
127,0,1,5.92318350051046
127,0,2,17.91326690609514
127,0,3,0.7191273187421595
127,0,4,3.932622356315941
128,0,0,4.039019791332415
128,0,1,5.9089910282607345
128,0,2,17.885772677008784
128,0,3,0.7199893271443705
128,0,4,3.932232621412321
129,0,0,4.040996443873392
129,0,1,5.957076049191356
129,0,2,17.871307884584613
129,0,3,0.7211034529730425
129,0,4,3.933010120592873
130,0,0,4.0415930819128745
130,0,1,5.887640641694857
130,0,2,17.833559641382006
130,0,3,0.7219915268270675
130,0,4,3.931176720950375
131,0,0,4.037039348649369
131,0,1,5.887978982161716
131,0,2,17.82091533387433
131,0,3,0.7205603002494857
131,0,4,3.9336856968912386
132,0,0,4.031512160382689
132,0,1,5.988623415205656
132,0,2,17.828214822539046
132,0,3,0.7185940875943875
132,0,4,3.9264266040032294
133,0,0,4.02846580743821
133,0,1,6.177870893313253
133,0,2,17.906658877265798
133,0,3,0.7128276298070112
133,0,4,3.926623745805041
134,0,0,4.022903064198858
134,0,1,6.282781769713103
134,0,2,18.035276596493393
134,0,3,0.711456682987629
134,0,4,3.923047842439417
135,0,0,4.024570500355605
135,0,1,6.196302120435836
135,0,2,17.975520042866695
135,0,3,0.7100293854322487
135,0,4,3.915602780032098
136,0,0,4.023963099934996
136,0,1,6.260945036305371
136,0,2,18.04788611797599
136,0,3,0.7096804942824017
136,0,4,3.9074192943256114
137,0,0,4.0136087391663064
137,0,1,6.253408393549735
137,0,2,17.983154209415503
137,0,3,0.7051399170675807
137,0,4,3.9080812948477295
138,0,0,4.003584315790253
138,0,1,6.326012870626321
138,0,2,18.015043945207484
138,0,3,0.7061451407008265
138,0,4,3.9075846793806757
139,0,0,4.007232413701519
139,0,1,6.297188491227278
139,0,2,17.90405523954831
139,0,3,0.7048356816335513
139,0,4,3.9049874025957942
140,0,0,4.010475904371494
140,0,1,6.090506547438379
140,0,2,17.988187574628064
140,0,3,0.7043327820716202
140,0,4,3.904758265073201
141,0,0,4.000238710318937
141,0,1,6.188049036462294
141,0,2,18.10498003690964
141,0,3,0.7082957256858551
141,0,4,3.9013371799737597
142,0,0,3.9944868902114328
142,0,1,6.202745506299019
142,0,2,18.0878549054058
142,0,3,0.7077653552113399
142,0,4,3.88783122867196
143,0,0,3.9853582190421397
143,0,1,6.190193022728254
143,0,2,17.96736489119413
143,0,3,0.7071741935775239
143,0,4,3.8830484810129717
144,0,0,3.9764902054486515
144,0,1,6.184960061573409
144,0,2,17.960868634708767
144,0,3,0.702688324338751
144,0,4,3.8764269387899213
145,0,0,3.9706320775980504
145,0,1,6.273137788403208
145,0,2,17.83416201566114
145,0,3,0.7047440811019079
145,0,4,3.8653194848125056
146,0,0,3.966619055483596
146,0,1,6.380630717701056
146,0,2,17.867611771251976
146,0,3,0.7026077511869584
146,0,4,3.859909688540263
147,0,0,3.970494381014524
147,0,1,6.329207323755882
147,0,2,17.888015297503085
147,0,3,0.7021642275935236
147,0,4,3.855114329794704
148,0,0,3.969098228335548
148,0,1,6.409358803117368
148,0,2,17.882188517147597
148,0,3,0.7046379808327181
148,0,4,3.8476504797704423
149,0,0,3.9612468517939243
149,0,1,6.474976188239525
149,0,2,17.854534608394623
149,0,3,0.7051118324522955
149,0,4,3.8490881146195046
150,0,0,3.957869973025353
150,0,1,6.385060124550712
150,0,2,17.818835174006363
150,0,3,0.7069601766752197
150,0,4,3.8487863910913744
151,0,0,3.951722599292814
151,0,1,6.319580638230802
151,0,2,17.800213578512516
151,0,3,0.7075636539662882
151,0,4,3.8403065251599124
152,0,0,3.9484710227657454
152,0,1,6.318158729802257
152,0,2,17.76376769325741
152,0,3,0.7072981136697959
152,0,4,3.844303887947885
153,0,0,3.946039482757565
153,0,1,6.252828159118528
153,0,2,17.753657775101416
153,0,3,0.7048415782250291
153,0,4,3.8463636820242812
154,0,0,3.9402940248985727
154,0,1,6.425418895395973
154,0,2,17.792182071860157
154,0,3,0.7016801478266298
154,0,4,3.8463957773542097
155,0,0,3.936642268169678
155,0,1,6.390366115455299
155,0,2,17.82505842183449
155,0,3,0.7102224036872351
155,0,4,3.8357679481392575
156,0,0,3.9389582363752282
156,0,1,6.484899983365964
156,0,2,17.968337246035084
156,0,3,0.7089961143998518
156,0,4,3.8363146825374157
157,0,0,3.9309147831445785
157,0,1,6.540080941840115
157,0,2,17.91213101238274
157,0,3,0.7077874625461639
157,0,4,3.838805787301827
158,0,0,3.9310074384194826
158,0,1,6.572535943942889
158,0,2,17.853763580452476
158,0,3,0.7118841988320945
158,0,4,3.8274424920697974
159,0,0,3.931435549492505
159,0,1,6.706885655196717
159,0,2,17.802443147467788
159,0,3,0.7048083325982258
159,0,4,3.8172222839767183
160,0,0,3.935676623512188
160,0,1,6.661079191909647
160,0,2,17.756382731761427
160,0,3,0.7032264386287953
160,0,4,3.815741315019039
161,0,0,3.9340753921660454
161,0,1,6.688564527146761
161,0,2,17.758642332771764
161,0,3,0.7036476692261836
161,0,4,3.812493140971214
162,0,0,3.9277180510965626
162,0,1,6.611246246225068
162,0,2,17.718613283870617
162,0,3,0.703501207337731
162,0,4,3.8077720364361816
163,0,0,3.9255322423109322
163,0,1,6.585355208791694
163,0,2,17.699805015835196
163,0,3,0.7028605260135288
163,0,4,3.8057711762457744
164,0,0,3.919109477448655
164,0,1,6.673875530653573
164,0,2,17.793092755486608
164,0,3,0.7072613781495578
164,0,4,3.802096237137542
165,0,0,3.9155827760304294
165,0,1,6.536175302436778
165,0,2,17.784312023902405
165,0,3,0.7049587221946331
165,0,4,3.8036011313438616
166,0,0,3.9087319944285723
166,0,1,6.412823424287354
166,0,2,17.840051468400148
166,0,3,0.707336348742302
166,0,4,3.806106435080163
167,0,0,3.9051131366816523
167,0,1,6.417844905041896
167,0,2,17.851079135252114
167,0,3,0.7059444341785354
167,0,4,3.7965770478853074
168,0,0,3.901772642145252
168,0,1,6.3565915147065954
168,0,2,17.87150783297726
168,0,3,0.7058375936827564
168,0,4,3.7958513859319383
169,0,0,3.9009955828939535
169,0,1,6.30532944204142
169,0,2,17.960202202442527
169,0,3,0.7044101611880674
169,0,4,3.795156760802646
170,0,0,3.8965208779992153
170,0,1,6.230198942923227
170,0,2,17.944705528205503
170,0,3,0.7050914957774023
170,0,4,3.7882844959943234
171,0,0,3.8984559552820692
171,0,1,6.145866617640726
171,0,2,17.909040438189542
171,0,3,0.7063694759603225
171,0,4,3.790068169389645
172,0,0,3.8895308717454844
172,0,1,6.115671577930561
172,0,2,17.943252180624935
172,0,3,0.7050024751850753
172,0,4,3.787007049519108
173,0,0,3.88233880441204
173,0,1,6.066097585489914
173,0,2,17.89323192536623
173,0,3,0.708736927120643
173,0,4,3.78072956058117
174,0,0,3.880854746886197
174,0,1,6.132116945213022
174,0,2,17.936532222653728
174,0,3,0.7096074651062096
174,0,4,3.781087545497272
175,0,0,3.876746738275593
175,0,1,6.142879123965416
175,0,2,17.88657731149497
175,0,3,0.7117597310847431
175,0,4,3.7816400442346993
176,0,0,3.866970656872623
176,0,1,6.316189255088984
176,0,2,17.757135069022553
176,0,3,0.7048632814036343
176,0,4,3.780614254619744
177,0,0,3.8618962168370086
177,0,1,6.374082362182065
177,0,2,17.82202176151197
177,0,3,0.704632197795693
177,0,4,3.770296997183264
178,0,0,3.858452329070426
178,0,1,6.392394054686582
178,0,2,17.73292565554641
178,0,3,0.7032363248614188
178,0,4,3.76609039729123
179,0,0,3.8523799640080534
179,0,1,6.470326983503416
179,0,2,17.742760340613632
179,0,3,0.7055598050873391
179,0,4,3.768961737462772
180,0,0,3.849482686989008
180,0,1,6.042546417963594
180,0,2,17.6532075166733
180,0,3,0.70109377443037
180,0,4,3.7711900231795874
181,0,0,3.8465453653644532
181,0,1,6.47659522825453
181,0,2,17.495743532084646
181,0,3,0.6995981060378023
181,0,4,3.7692006554614537
182,0,0,3.848894841446037
182,0,1,6.570278562240916
182,0,2,17.3560732361012
182,0,3,0.698343304564159
182,0,4,3.7679994909968237
183,0,0,3.8476830091545073
183,0,1,6.704821104577996
183,0,2,17.2486032881725
183,0,3,0.7038816458971884
183,0,4,3.7541083053431104
184,0,0,3.8461571119757423
184,0,1,6.685255361121492
184,0,2,17.27014033250001
184,0,3,0.7037644114539214
184,0,4,3.748058820264858
185,0,0,3.84416477132129
185,0,1,6.654510188944788
185,0,2,17.28181043363512
185,0,3,0.7014316617128658
185,0,4,3.749566234375565
186,0,0,3.837938943996726
186,0,1,6.703690431508892
186,0,2,17.238388931830535
186,0,3,0.7013168465618291
186,0,4,3.7498686514141193
187,0,0,3.836824880228671
187,0,1,6.673553203801459
187,0,2,17.191838727670458
187,0,3,0.699729444795473
187,0,4,3.7557263192192414
188,0,0,3.828249887255001
188,0,1,6.693730249635545
188,0,2,17.18881933565573
188,0,3,0.7030953298965229
188,0,4,3.753458367967272
189,0,0,3.8220345550952315
189,0,1,6.742080436285482
189,0,2,17.224955318268577
189,0,3,0.7026628982145183
189,0,4,3.7535096695229133
190,0,0,3.818780997868233
190,0,1,6.5527240339188415
190,0,2,17.22577411931587
190,0,3,0.7017535458588194
190,0,4,3.751294960993673
191,0,0,3.811088597000238
191,0,1,6.598859629382451
191,0,2,17.236777223995222
191,0,3,0.7027160851787804
191,0,4,3.750740085379371
192,0,0,3.8134681119225657
192,0,1,6.578561770422094
192,0,2,17.21932194079423
192,0,3,0.7027632111712502
192,0,4,3.7543213271028364
193,0,0,3.80549821453634
193,0,1,6.6573333883594685
193,0,2,17.288159610098013
193,0,3,0.7029539079982503
193,0,4,3.757375872668457
194,0,0,3.8045746276237558
194,0,1,6.680918753735632
194,0,2,17.258545884822222
194,0,3,0.7032766350783649
194,0,4,3.752670240380425
195,0,0,3.799409164888816
195,0,1,6.60365672228837
195,0,2,17.36356308118227
195,0,3,0.7029667057177212
195,0,4,3.756845982658497
196,0,0,3.802022193812541
196,0,1,6.5133649884310625
196,0,2,17.29909124747811
196,0,3,0.701408654587337
196,0,4,3.7576807083133708
197,0,0,3.8015856326927846
197,0,1,6.520700862366662
197,0,2,17.282190098623555
197,0,3,0.6978940277306588
197,0,4,3.7589352793905286
198,0,0,3.799818506333053
198,0,1,6.443911473986123
198,0,2,17.235233403413854
198,0,3,0.6999409105255554
198,0,4,3.7555632464766795
199,0,0,3.7931202111696787
199,0,1,6.461474035013818
199,0,2,17.219225544339764
199,0,3,0.7005271101556256
199,0,4,3.7527011508578614
200,0,0,3.7867993812494403
200,0,1,6.4965198684658265
200,0,2,17.275013890255728
200,0,3,0.6999396183205973
200,0,4,3.7511681847473515
201,0,0,3.7814907641073505
201,0,1,6.525977589681861
201,0,2,17.211611774228285
201,0,3,0.6994421182841901
201,0,4,3.7523438264481537
202,0,0,3.7754186253015454
202,0,1,6.483790328707906
202,0,2,17.296138037608095
202,0,3,0.6991456655230865
202,0,4,3.748222855381794
203,0,0,3.7706269875284613
203,0,1,6.446920517896851
203,0,2,17.324379401842034
203,0,3,0.7008341741969566
203,0,4,3.7492187840434648
204,0,0,3.775051041670975
204,0,1,6.4144259583639744
204,0,2,17.371843543145566
204,0,3,0.7017579409525807
204,0,4,3.750400286421639
